tier,namespace,type,member,wpf_sig
1,System.Windows,Application,Activated,public event System.EventHandler Activated
1,System.Windows,Application,Deactivated,public event System.EventHandler Deactivated
1,System.Windows,Application,DispatcherUnhandledException,public event System.Windows.Threading.DispatcherUnhandledExceptionEventHandler DispatcherUnhandledException
1,System.Windows,Application,FragmentNavigation,public event System.Windows.Navigation.FragmentNavigationEventHandler FragmentNavigation
1,System.Windows,Application,LoadCompleted,public event System.Windows.Navigation.LoadCompletedEventHandler LoadCompleted
1,System.Windows,Application,Navigated,public event System.Windows.Navigation.NavigatedEventHandler Navigated
1,System.Windows,Application,Navigating,public event System.Windows.Navigation.NavigatingCancelEventHandler Navigating
1,System.Windows,Application,NavigationFailed,public event System.Windows.Navigation.NavigationFailedEventHandler NavigationFailed
1,System.Windows,Application,NavigationProgress,public event System.Windows.Navigation.NavigationProgressEventHandler NavigationProgress
1,System.Windows,Application,NavigationStopped,public event System.Windows.Navigation.NavigationStoppedEventHandler NavigationStopped
1,System.Windows,ContentElement,DragEnter,public event System.Windows.DragEventHandler DragEnter
1,System.Windows,ContentElement,DragLeave,public event System.Windows.DragEventHandler DragLeave
1,System.Windows,ContentElement,DragOver,public event System.Windows.DragEventHandler DragOver
1,System.Windows,ContentElement,Drop,public event System.Windows.DragEventHandler Drop
1,System.Windows,ContentElement,FocusableChanged,public event System.Windows.DependencyPropertyChangedEventHandler FocusableChanged
1,System.Windows,ContentElement,GiveFeedback,public event System.Windows.GiveFeedbackEventHandler GiveFeedback
1,System.Windows,ContentElement,GotFocus,public event System.Windows.RoutedEventHandler GotFocus
1,System.Windows,ContentElement,GotKeyboardFocus,public event System.Windows.Input.KeyboardFocusChangedEventHandler GotKeyboardFocus
1,System.Windows,ContentElement,GotMouseCapture,public event System.Windows.Input.MouseEventHandler GotMouseCapture
1,System.Windows,ContentElement,GotStylusCapture,public event System.Windows.Input.StylusEventHandler GotStylusCapture
1,System.Windows,ContentElement,GotTouchCapture,public event System.EventHandler<System.Windows.Input.TouchEventArgs> GotTouchCapture
1,System.Windows,ContentElement,IsEnabledChanged,public event System.Windows.DependencyPropertyChangedEventHandler IsEnabledChanged
1,System.Windows,ContentElement,IsKeyboardFocusWithinChanged,public event System.Windows.DependencyPropertyChangedEventHandler IsKeyboardFocusWithinChanged
1,System.Windows,ContentElement,IsKeyboardFocusedChanged,public event System.Windows.DependencyPropertyChangedEventHandler IsKeyboardFocusedChanged
1,System.Windows,ContentElement,IsMouseCaptureWithinChanged,public event System.Windows.DependencyPropertyChangedEventHandler IsMouseCaptureWithinChanged
1,System.Windows,ContentElement,IsMouseCapturedChanged,public event System.Windows.DependencyPropertyChangedEventHandler IsMouseCapturedChanged
1,System.Windows,ContentElement,IsMouseDirectlyOverChanged,public event System.Windows.DependencyPropertyChangedEventHandler IsMouseDirectlyOverChanged
1,System.Windows,ContentElement,IsStylusCaptureWithinChanged,public event System.Windows.DependencyPropertyChangedEventHandler IsStylusCaptureWithinChanged
1,System.Windows,ContentElement,IsStylusCapturedChanged,public event System.Windows.DependencyPropertyChangedEventHandler IsStylusCapturedChanged
1,System.Windows,ContentElement,IsStylusDirectlyOverChanged,public event System.Windows.DependencyPropertyChangedEventHandler IsStylusDirectlyOverChanged
1,System.Windows,ContentElement,KeyDown,public event System.Windows.Input.KeyEventHandler KeyDown
1,System.Windows,ContentElement,KeyUp,public event System.Windows.Input.KeyEventHandler KeyUp
1,System.Windows,ContentElement,LostFocus,public event System.Windows.RoutedEventHandler LostFocus
1,System.Windows,ContentElement,LostKeyboardFocus,public event System.Windows.Input.KeyboardFocusChangedEventHandler LostKeyboardFocus
1,System.Windows,ContentElement,LostMouseCapture,public event System.Windows.Input.MouseEventHandler LostMouseCapture
1,System.Windows,ContentElement,LostStylusCapture,public event System.Windows.Input.StylusEventHandler LostStylusCapture
1,System.Windows,ContentElement,LostTouchCapture,public event System.EventHandler<System.Windows.Input.TouchEventArgs> LostTouchCapture
1,System.Windows,ContentElement,MouseDown,public event System.Windows.Input.MouseButtonEventHandler MouseDown
1,System.Windows,ContentElement,MouseEnter,public event System.Windows.Input.MouseEventHandler MouseEnter
1,System.Windows,ContentElement,MouseLeave,public event System.Windows.Input.MouseEventHandler MouseLeave
1,System.Windows,ContentElement,MouseLeftButtonDown,public event System.Windows.Input.MouseButtonEventHandler MouseLeftButtonDown
1,System.Windows,ContentElement,MouseLeftButtonUp,public event System.Windows.Input.MouseButtonEventHandler MouseLeftButtonUp
1,System.Windows,ContentElement,MouseMove,public event System.Windows.Input.MouseEventHandler MouseMove
1,System.Windows,ContentElement,MouseRightButtonDown,public event System.Windows.Input.MouseButtonEventHandler MouseRightButtonDown
1,System.Windows,ContentElement,MouseRightButtonUp,public event System.Windows.Input.MouseButtonEventHandler MouseRightButtonUp
1,System.Windows,ContentElement,MouseUp,public event System.Windows.Input.MouseButtonEventHandler MouseUp
1,System.Windows,ContentElement,MouseWheel,public event System.Windows.Input.MouseWheelEventHandler MouseWheel
1,System.Windows,ContentElement,PreviewDragEnter,public event System.Windows.DragEventHandler PreviewDragEnter
1,System.Windows,ContentElement,PreviewDragLeave,public event System.Windows.DragEventHandler PreviewDragLeave
1,System.Windows,ContentElement,PreviewDragOver,public event System.Windows.DragEventHandler PreviewDragOver
1,System.Windows,ContentElement,PreviewDrop,public event System.Windows.DragEventHandler PreviewDrop
1,System.Windows,ContentElement,PreviewGiveFeedback,public event System.Windows.GiveFeedbackEventHandler PreviewGiveFeedback
1,System.Windows,ContentElement,PreviewGotKeyboardFocus,public event System.Windows.Input.KeyboardFocusChangedEventHandler PreviewGotKeyboardFocus
1,System.Windows,ContentElement,PreviewKeyDown,public event System.Windows.Input.KeyEventHandler PreviewKeyDown
1,System.Windows,ContentElement,PreviewKeyUp,public event System.Windows.Input.KeyEventHandler PreviewKeyUp
1,System.Windows,ContentElement,PreviewLostKeyboardFocus,public event System.Windows.Input.KeyboardFocusChangedEventHandler PreviewLostKeyboardFocus
1,System.Windows,ContentElement,PreviewMouseDown,public event System.Windows.Input.MouseButtonEventHandler PreviewMouseDown
1,System.Windows,ContentElement,PreviewMouseLeftButtonDown,public event System.Windows.Input.MouseButtonEventHandler PreviewMouseLeftButtonDown
1,System.Windows,ContentElement,PreviewMouseLeftButtonUp,public event System.Windows.Input.MouseButtonEventHandler PreviewMouseLeftButtonUp
1,System.Windows,ContentElement,PreviewMouseMove,public event System.Windows.Input.MouseEventHandler PreviewMouseMove
1,System.Windows,ContentElement,PreviewMouseRightButtonDown,public event System.Windows.Input.MouseButtonEventHandler PreviewMouseRightButtonDown
1,System.Windows,ContentElement,PreviewMouseRightButtonUp,public event System.Windows.Input.MouseButtonEventHandler PreviewMouseRightButtonUp
1,System.Windows,ContentElement,PreviewMouseUp,public event System.Windows.Input.MouseButtonEventHandler PreviewMouseUp
1,System.Windows,ContentElement,PreviewMouseWheel,public event System.Windows.Input.MouseWheelEventHandler PreviewMouseWheel
1,System.Windows,ContentElement,PreviewQueryContinueDrag,public event System.Windows.QueryContinueDragEventHandler PreviewQueryContinueDrag
1,System.Windows,ContentElement,PreviewStylusButtonDown,public event System.Windows.Input.StylusButtonEventHandler PreviewStylusButtonDown
1,System.Windows,ContentElement,PreviewStylusButtonUp,public event System.Windows.Input.StylusButtonEventHandler PreviewStylusButtonUp
1,System.Windows,ContentElement,PreviewStylusDown,public event System.Windows.Input.StylusDownEventHandler PreviewStylusDown
1,System.Windows,ContentElement,PreviewStylusInAirMove,public event System.Windows.Input.StylusEventHandler PreviewStylusInAirMove
1,System.Windows,ContentElement,PreviewStylusInRange,public event System.Windows.Input.StylusEventHandler PreviewStylusInRange
1,System.Windows,ContentElement,PreviewStylusMove,public event System.Windows.Input.StylusEventHandler PreviewStylusMove
1,System.Windows,ContentElement,PreviewStylusOutOfRange,public event System.Windows.Input.StylusEventHandler PreviewStylusOutOfRange
1,System.Windows,ContentElement,PreviewStylusSystemGesture,public event System.Windows.Input.StylusSystemGestureEventHandler PreviewStylusSystemGesture
1,System.Windows,ContentElement,PreviewStylusUp,public event System.Windows.Input.StylusEventHandler PreviewStylusUp
1,System.Windows,ContentElement,PreviewTextInput,public event System.Windows.Input.TextCompositionEventHandler PreviewTextInput
1,System.Windows,ContentElement,PreviewTouchDown,public event System.EventHandler<System.Windows.Input.TouchEventArgs> PreviewTouchDown
1,System.Windows,ContentElement,PreviewTouchMove,public event System.EventHandler<System.Windows.Input.TouchEventArgs> PreviewTouchMove
1,System.Windows,ContentElement,PreviewTouchUp,public event System.EventHandler<System.Windows.Input.TouchEventArgs> PreviewTouchUp
1,System.Windows,ContentElement,QueryContinueDrag,public event System.Windows.QueryContinueDragEventHandler QueryContinueDrag
1,System.Windows,ContentElement,QueryCursor,public event System.Windows.Input.QueryCursorEventHandler QueryCursor
1,System.Windows,ContentElement,StylusButtonDown,public event System.Windows.Input.StylusButtonEventHandler StylusButtonDown
1,System.Windows,ContentElement,StylusButtonUp,public event System.Windows.Input.StylusButtonEventHandler StylusButtonUp
1,System.Windows,ContentElement,StylusDown,public event System.Windows.Input.StylusDownEventHandler StylusDown
1,System.Windows,ContentElement,StylusEnter,public event System.Windows.Input.StylusEventHandler StylusEnter
1,System.Windows,ContentElement,StylusInAirMove,public event System.Windows.Input.StylusEventHandler StylusInAirMove
1,System.Windows,ContentElement,StylusInRange,public event System.Windows.Input.StylusEventHandler StylusInRange
1,System.Windows,ContentElement,StylusLeave,public event System.Windows.Input.StylusEventHandler StylusLeave
1,System.Windows,ContentElement,StylusMove,public event System.Windows.Input.StylusEventHandler StylusMove
1,System.Windows,ContentElement,StylusOutOfRange,public event System.Windows.Input.StylusEventHandler StylusOutOfRange
1,System.Windows,ContentElement,StylusSystemGesture,public event System.Windows.Input.StylusSystemGestureEventHandler StylusSystemGesture
1,System.Windows,ContentElement,StylusUp,public event System.Windows.Input.StylusEventHandler StylusUp
1,System.Windows,ContentElement,TextInput,public event System.Windows.Input.TextCompositionEventHandler TextInput
1,System.Windows,ContentElement,TouchDown,public event System.EventHandler<System.Windows.Input.TouchEventArgs> TouchDown
1,System.Windows,ContentElement,TouchEnter,public event System.EventHandler<System.Windows.Input.TouchEventArgs> TouchEnter
1,System.Windows,ContentElement,TouchLeave,public event System.EventHandler<System.Windows.Input.TouchEventArgs> TouchLeave
1,System.Windows,ContentElement,TouchMove,public event System.EventHandler<System.Windows.Input.TouchEventArgs> TouchMove
1,System.Windows,ContentElement,TouchUp,public event System.EventHandler<System.Windows.Input.TouchEventArgs> TouchUp
1,System.Windows,FrameworkContentElement,ContextMenuClosing,public event System.Windows.Controls.ContextMenuEventHandler ContextMenuClosing;
1,System.Windows,FrameworkContentElement,ContextMenuOpening,public event System.Windows.Controls.ContextMenuEventHandler ContextMenuOpening;
1,System.Windows,FrameworkContentElement,DataContextChanged,public event System.Windows.DependencyPropertyChangedEventHandler DataContextChanged;
1,System.Windows,FrameworkContentElement,Initialized,public event System.EventHandler Initialized;
1,System.Windows,FrameworkContentElement,Loaded,public event System.Windows.RoutedEventHandler Loaded;
1,System.Windows,FrameworkContentElement,SourceUpdated,public event System.EventHandler<System.Windows.Data.DataTransferEventArgs> SourceUpdated;
1,System.Windows,FrameworkContentElement,TargetUpdated,public event System.EventHandler<System.Windows.Data.DataTransferEventArgs> TargetUpdated;
1,System.Windows,FrameworkContentElement,ToolTipClosing,public event System.Windows.Controls.ToolTipEventHandler ToolTipClosing;
1,System.Windows,FrameworkContentElement,ToolTipOpening,public event System.Windows.Controls.ToolTipEventHandler ToolTipOpening;
1,System.Windows,FrameworkContentElement,Unloaded,public event System.Windows.RoutedEventHandler Unloaded;
1,System.Windows,FrameworkElement,ContextMenuClosing,public event System.Windows.Controls.ContextMenuEventHandler ContextMenuClosing;
1,System.Windows,FrameworkElement,ContextMenuOpening,public event System.Windows.Controls.ContextMenuEventHandler ContextMenuOpening;
1,System.Windows,FrameworkElement,Initialized,public event System.EventHandler Initialized;
1,System.Windows,FrameworkElement,SourceUpdated,public event System.EventHandler<System.Windows.Data.DataTransferEventArgs> SourceUpdated;
1,System.Windows,FrameworkElement,TargetUpdated,public event System.EventHandler<System.Windows.Data.DataTransferEventArgs> TargetUpdated;
1,System.Windows,FrameworkElement,ToolTipClosing,public event System.Windows.Controls.ToolTipEventHandler ToolTipClosing;
1,System.Windows,FrameworkElement,ToolTipOpening,public event System.Windows.Controls.ToolTipEventHandler ToolTipOpening;
1,System.Windows,IInputElement,GotKeyboardFocus,event System.Windows.Input.KeyboardFocusChangedEventHandler GotKeyboardFocus
1,System.Windows,IInputElement,GotMouseCapture,event System.Windows.Input.MouseEventHandler GotMouseCapture
1,System.Windows,IInputElement,GotStylusCapture,event System.Windows.Input.StylusEventHandler GotStylusCapture
1,System.Windows,IInputElement,KeyDown,event System.Windows.Input.KeyEventHandler KeyDown
1,System.Windows,IInputElement,KeyUp,event System.Windows.Input.KeyEventHandler KeyUp
1,System.Windows,IInputElement,LostKeyboardFocus,event System.Windows.Input.KeyboardFocusChangedEventHandler LostKeyboardFocus
1,System.Windows,IInputElement,LostMouseCapture,event System.Windows.Input.MouseEventHandler LostMouseCapture
1,System.Windows,IInputElement,LostStylusCapture,event System.Windows.Input.StylusEventHandler LostStylusCapture
1,System.Windows,IInputElement,MouseEnter,event System.Windows.Input.MouseEventHandler MouseEnter
1,System.Windows,IInputElement,MouseLeave,event System.Windows.Input.MouseEventHandler MouseLeave
1,System.Windows,IInputElement,MouseLeftButtonDown,event System.Windows.Input.MouseButtonEventHandler MouseLeftButtonDown
1,System.Windows,IInputElement,MouseLeftButtonUp,event System.Windows.Input.MouseButtonEventHandler MouseLeftButtonUp
1,System.Windows,IInputElement,MouseMove,event System.Windows.Input.MouseEventHandler MouseMove
1,System.Windows,IInputElement,MouseRightButtonDown,event System.Windows.Input.MouseButtonEventHandler MouseRightButtonDown
1,System.Windows,IInputElement,MouseRightButtonUp,event System.Windows.Input.MouseButtonEventHandler MouseRightButtonUp
1,System.Windows,IInputElement,MouseWheel,event System.Windows.Input.MouseWheelEventHandler MouseWheel
1,System.Windows,IInputElement,PreviewGotKeyboardFocus,event System.Windows.Input.KeyboardFocusChangedEventHandler PreviewGotKeyboardFocus
1,System.Windows,IInputElement,PreviewKeyDown,event System.Windows.Input.KeyEventHandler PreviewKeyDown
1,System.Windows,IInputElement,PreviewKeyUp,event System.Windows.Input.KeyEventHandler PreviewKeyUp
1,System.Windows,IInputElement,PreviewLostKeyboardFocus,event System.Windows.Input.KeyboardFocusChangedEventHandler PreviewLostKeyboardFocus
1,System.Windows,IInputElement,PreviewMouseLeftButtonDown,event System.Windows.Input.MouseButtonEventHandler PreviewMouseLeftButtonDown
1,System.Windows,IInputElement,PreviewMouseLeftButtonUp,event System.Windows.Input.MouseButtonEventHandler PreviewMouseLeftButtonUp
1,System.Windows,IInputElement,PreviewMouseMove,event System.Windows.Input.MouseEventHandler PreviewMouseMove
1,System.Windows,IInputElement,PreviewMouseRightButtonDown,event System.Windows.Input.MouseButtonEventHandler PreviewMouseRightButtonDown
1,System.Windows,IInputElement,PreviewMouseRightButtonUp,event System.Windows.Input.MouseButtonEventHandler PreviewMouseRightButtonUp
1,System.Windows,IInputElement,PreviewMouseWheel,event System.Windows.Input.MouseWheelEventHandler PreviewMouseWheel
1,System.Windows,IInputElement,PreviewStylusButtonDown,event System.Windows.Input.StylusButtonEventHandler PreviewStylusButtonDown
1,System.Windows,IInputElement,PreviewStylusButtonUp,event System.Windows.Input.StylusButtonEventHandler PreviewStylusButtonUp
1,System.Windows,IInputElement,PreviewStylusDown,event System.Windows.Input.StylusDownEventHandler PreviewStylusDown
1,System.Windows,IInputElement,PreviewStylusInAirMove,event System.Windows.Input.StylusEventHandler PreviewStylusInAirMove
1,System.Windows,IInputElement,PreviewStylusInRange,event System.Windows.Input.StylusEventHandler PreviewStylusInRange
1,System.Windows,IInputElement,PreviewStylusMove,event System.Windows.Input.StylusEventHandler PreviewStylusMove
1,System.Windows,IInputElement,PreviewStylusOutOfRange,event System.Windows.Input.StylusEventHandler PreviewStylusOutOfRange
1,System.Windows,IInputElement,PreviewStylusSystemGesture,event System.Windows.Input.StylusSystemGestureEventHandler PreviewStylusSystemGesture
1,System.Windows,IInputElement,PreviewStylusUp,event System.Windows.Input.StylusEventHandler PreviewStylusUp
1,System.Windows,IInputElement,PreviewTextInput,event System.Windows.Input.TextCompositionEventHandler PreviewTextInput
1,System.Windows,IInputElement,StylusButtonDown,event System.Windows.Input.StylusButtonEventHandler StylusButtonDown
1,System.Windows,IInputElement,StylusButtonUp,event System.Windows.Input.StylusButtonEventHandler StylusButtonUp
1,System.Windows,IInputElement,StylusDown,event System.Windows.Input.StylusDownEventHandler StylusDown
1,System.Windows,IInputElement,StylusEnter,event System.Windows.Input.StylusEventHandler StylusEnter
1,System.Windows,IInputElement,StylusInAirMove,event System.Windows.Input.StylusEventHandler StylusInAirMove
1,System.Windows,IInputElement,StylusInRange,event System.Windows.Input.StylusEventHandler StylusInRange
1,System.Windows,IInputElement,StylusLeave,event System.Windows.Input.StylusEventHandler StylusLeave
1,System.Windows,IInputElement,StylusMove,event System.Windows.Input.StylusEventHandler StylusMove
1,System.Windows,IInputElement,StylusOutOfRange,event System.Windows.Input.StylusEventHandler StylusOutOfRange
1,System.Windows,IInputElement,StylusSystemGesture,event System.Windows.Input.StylusSystemGestureEventHandler StylusSystemGesture
1,System.Windows,IInputElement,StylusUp,event System.Windows.Input.StylusEventHandler StylusUp
1,System.Windows,IInputElement,TextInput,event System.Windows.Input.TextCompositionEventHandler TextInput
1,System.Windows,SystemParameters,StaticPropertyChanged,public static event System.ComponentModel.PropertyChangedEventHandler StaticPropertyChanged
1,System.Windows,UIElement,FocusableChanged,public event System.Windows.DependencyPropertyChangedEventHandler FocusableChanged
1,System.Windows,UIElement,GotStylusCapture,public event System.Windows.Input.StylusEventHandler GotStylusCapture
1,System.Windows,UIElement,IsEnabledChanged,public event System.Windows.DependencyPropertyChangedEventHandler IsEnabledChanged
1,System.Windows,UIElement,IsHitTestVisibleChanged,public event System.Windows.DependencyPropertyChangedEventHandler IsHitTestVisibleChanged
1,System.Windows,UIElement,IsKeyboardFocusWithinChanged,public event System.Windows.DependencyPropertyChangedEventHandler IsKeyboardFocusWithinChanged
1,System.Windows,UIElement,IsKeyboardFocusedChanged,public event System.Windows.DependencyPropertyChangedEventHandler IsKeyboardFocusedChanged
1,System.Windows,UIElement,IsMouseCaptureWithinChanged,public event System.Windows.DependencyPropertyChangedEventHandler IsMouseCaptureWithinChanged
1,System.Windows,UIElement,IsMouseCapturedChanged,public event System.Windows.DependencyPropertyChangedEventHandler IsMouseCapturedChanged
1,System.Windows,UIElement,IsMouseDirectlyOverChanged,public event System.Windows.DependencyPropertyChangedEventHandler IsMouseDirectlyOverChanged
1,System.Windows,UIElement,IsStylusCaptureWithinChanged,public event System.Windows.DependencyPropertyChangedEventHandler IsStylusCaptureWithinChanged
1,System.Windows,UIElement,IsStylusCapturedChanged,public event System.Windows.DependencyPropertyChangedEventHandler IsStylusCapturedChanged
1,System.Windows,UIElement,IsStylusDirectlyOverChanged,public event System.Windows.DependencyPropertyChangedEventHandler IsStylusDirectlyOverChanged
1,System.Windows,UIElement,IsVisibleChanged,public event System.Windows.DependencyPropertyChangedEventHandler IsVisibleChanged
1,System.Windows,UIElement,LayoutUpdated,public event System.EventHandler LayoutUpdated
1,System.Windows,UIElement,LostStylusCapture,public event System.Windows.Input.StylusEventHandler LostStylusCapture
1,System.Windows,UIElement,PreviewGiveFeedback,public event System.Windows.GiveFeedbackEventHandler PreviewGiveFeedback
1,System.Windows,UIElement,PreviewQueryContinueDrag,public event System.Windows.QueryContinueDragEventHandler PreviewQueryContinueDrag
1,System.Windows,UIElement,PreviewStylusButtonDown,public event System.Windows.Input.StylusButtonEventHandler PreviewStylusButtonDown
1,System.Windows,UIElement,PreviewStylusButtonUp,public event System.Windows.Input.StylusButtonEventHandler PreviewStylusButtonUp
1,System.Windows,UIElement,PreviewStylusInAirMove,public event System.Windows.Input.StylusEventHandler PreviewStylusInAirMove
1,System.Windows,UIElement,PreviewStylusInRange,public event System.Windows.Input.StylusEventHandler PreviewStylusInRange
1,System.Windows,UIElement,PreviewStylusOutOfRange,public event System.Windows.Input.StylusEventHandler PreviewStylusOutOfRange
1,System.Windows,UIElement,PreviewStylusSystemGesture,public event System.Windows.Input.StylusSystemGestureEventHandler PreviewStylusSystemGesture
1,System.Windows,UIElement,QueryCursor,public event System.Windows.Input.QueryCursorEventHandler QueryCursor
1,System.Windows,UIElement3D,DragEnter,public event System.Windows.DragEventHandler DragEnter
1,System.Windows,UIElement3D,DragLeave,public event System.Windows.DragEventHandler DragLeave
1,System.Windows,UIElement3D,DragOver,public event System.Windows.DragEventHandler DragOver
1,System.Windows,UIElement3D,Drop,public event System.Windows.DragEventHandler Drop
1,System.Windows,UIElement3D,FocusableChanged,public event System.Windows.DependencyPropertyChangedEventHandler FocusableChanged
1,System.Windows,UIElement3D,GiveFeedback,public event System.Windows.GiveFeedbackEventHandler GiveFeedback
1,System.Windows,UIElement3D,GotFocus,public event System.Windows.RoutedEventHandler GotFocus
1,System.Windows,UIElement3D,GotKeyboardFocus,public event System.Windows.Input.KeyboardFocusChangedEventHandler GotKeyboardFocus
1,System.Windows,UIElement3D,GotMouseCapture,public event System.Windows.Input.MouseEventHandler GotMouseCapture
1,System.Windows,UIElement3D,GotStylusCapture,public event System.Windows.Input.StylusEventHandler GotStylusCapture
1,System.Windows,UIElement3D,GotTouchCapture,public event System.EventHandler<System.Windows.Input.TouchEventArgs> GotTouchCapture
1,System.Windows,UIElement3D,IsEnabledChanged,public event System.Windows.DependencyPropertyChangedEventHandler IsEnabledChanged
1,System.Windows,UIElement3D,IsHitTestVisibleChanged,public event System.Windows.DependencyPropertyChangedEventHandler IsHitTestVisibleChanged
1,System.Windows,UIElement3D,IsKeyboardFocusWithinChanged,public event System.Windows.DependencyPropertyChangedEventHandler IsKeyboardFocusWithinChanged
1,System.Windows,UIElement3D,IsKeyboardFocusedChanged,public event System.Windows.DependencyPropertyChangedEventHandler IsKeyboardFocusedChanged
1,System.Windows,UIElement3D,IsMouseCaptureWithinChanged,public event System.Windows.DependencyPropertyChangedEventHandler IsMouseCaptureWithinChanged
1,System.Windows,UIElement3D,IsMouseCapturedChanged,public event System.Windows.DependencyPropertyChangedEventHandler IsMouseCapturedChanged
1,System.Windows,UIElement3D,IsMouseDirectlyOverChanged,public event System.Windows.DependencyPropertyChangedEventHandler IsMouseDirectlyOverChanged
1,System.Windows,UIElement3D,IsStylusCaptureWithinChanged,public event System.Windows.DependencyPropertyChangedEventHandler IsStylusCaptureWithinChanged
1,System.Windows,UIElement3D,IsStylusCapturedChanged,public event System.Windows.DependencyPropertyChangedEventHandler IsStylusCapturedChanged
1,System.Windows,UIElement3D,IsStylusDirectlyOverChanged,public event System.Windows.DependencyPropertyChangedEventHandler IsStylusDirectlyOverChanged
1,System.Windows,UIElement3D,IsVisibleChanged,public event System.Windows.DependencyPropertyChangedEventHandler IsVisibleChanged
1,System.Windows,UIElement3D,KeyDown,public event System.Windows.Input.KeyEventHandler KeyDown
1,System.Windows,UIElement3D,KeyUp,public event System.Windows.Input.KeyEventHandler KeyUp
1,System.Windows,UIElement3D,LostFocus,public event System.Windows.RoutedEventHandler LostFocus
1,System.Windows,UIElement3D,LostKeyboardFocus,public event System.Windows.Input.KeyboardFocusChangedEventHandler LostKeyboardFocus
1,System.Windows,UIElement3D,LostMouseCapture,public event System.Windows.Input.MouseEventHandler LostMouseCapture
1,System.Windows,UIElement3D,LostStylusCapture,public event System.Windows.Input.StylusEventHandler LostStylusCapture
1,System.Windows,UIElement3D,LostTouchCapture,public event System.EventHandler<System.Windows.Input.TouchEventArgs> LostTouchCapture
1,System.Windows,UIElement3D,MouseDown,public event System.Windows.Input.MouseButtonEventHandler MouseDown
1,System.Windows,UIElement3D,MouseEnter,public event System.Windows.Input.MouseEventHandler MouseEnter
1,System.Windows,UIElement3D,MouseLeave,public event System.Windows.Input.MouseEventHandler MouseLeave
1,System.Windows,UIElement3D,MouseLeftButtonDown,public event System.Windows.Input.MouseButtonEventHandler MouseLeftButtonDown
1,System.Windows,UIElement3D,MouseLeftButtonUp,public event System.Windows.Input.MouseButtonEventHandler MouseLeftButtonUp
1,System.Windows,UIElement3D,MouseMove,public event System.Windows.Input.MouseEventHandler MouseMove
1,System.Windows,UIElement3D,MouseRightButtonDown,public event System.Windows.Input.MouseButtonEventHandler MouseRightButtonDown
1,System.Windows,UIElement3D,MouseRightButtonUp,public event System.Windows.Input.MouseButtonEventHandler MouseRightButtonUp
1,System.Windows,UIElement3D,MouseUp,public event System.Windows.Input.MouseButtonEventHandler MouseUp
1,System.Windows,UIElement3D,MouseWheel,public event System.Windows.Input.MouseWheelEventHandler MouseWheel
1,System.Windows,UIElement3D,PreviewDragEnter,public event System.Windows.DragEventHandler PreviewDragEnter
1,System.Windows,UIElement3D,PreviewDragLeave,public event System.Windows.DragEventHandler PreviewDragLeave
1,System.Windows,UIElement3D,PreviewDragOver,public event System.Windows.DragEventHandler PreviewDragOver
1,System.Windows,UIElement3D,PreviewDrop,public event System.Windows.DragEventHandler PreviewDrop
1,System.Windows,UIElement3D,PreviewGiveFeedback,public event System.Windows.GiveFeedbackEventHandler PreviewGiveFeedback
1,System.Windows,UIElement3D,PreviewGotKeyboardFocus,public event System.Windows.Input.KeyboardFocusChangedEventHandler PreviewGotKeyboardFocus
1,System.Windows,UIElement3D,PreviewKeyDown,public event System.Windows.Input.KeyEventHandler PreviewKeyDown
1,System.Windows,UIElement3D,PreviewKeyUp,public event System.Windows.Input.KeyEventHandler PreviewKeyUp
1,System.Windows,UIElement3D,PreviewLostKeyboardFocus,public event System.Windows.Input.KeyboardFocusChangedEventHandler PreviewLostKeyboardFocus
1,System.Windows,UIElement3D,PreviewMouseDown,public event System.Windows.Input.MouseButtonEventHandler PreviewMouseDown
1,System.Windows,UIElement3D,PreviewMouseLeftButtonDown,public event System.Windows.Input.MouseButtonEventHandler PreviewMouseLeftButtonDown
1,System.Windows,UIElement3D,PreviewMouseLeftButtonUp,public event System.Windows.Input.MouseButtonEventHandler PreviewMouseLeftButtonUp
1,System.Windows,UIElement3D,PreviewMouseMove,public event System.Windows.Input.MouseEventHandler PreviewMouseMove
1,System.Windows,UIElement3D,PreviewMouseRightButtonDown,public event System.Windows.Input.MouseButtonEventHandler PreviewMouseRightButtonDown
1,System.Windows,UIElement3D,PreviewMouseRightButtonUp,public event System.Windows.Input.MouseButtonEventHandler PreviewMouseRightButtonUp
1,System.Windows,UIElement3D,PreviewMouseUp,public event System.Windows.Input.MouseButtonEventHandler PreviewMouseUp
1,System.Windows,UIElement3D,PreviewMouseWheel,public event System.Windows.Input.MouseWheelEventHandler PreviewMouseWheel
1,System.Windows,UIElement3D,PreviewQueryContinueDrag,public event System.Windows.QueryContinueDragEventHandler PreviewQueryContinueDrag
1,System.Windows,UIElement3D,PreviewStylusButtonDown,public event System.Windows.Input.StylusButtonEventHandler PreviewStylusButtonDown
1,System.Windows,UIElement3D,PreviewStylusButtonUp,public event System.Windows.Input.StylusButtonEventHandler PreviewStylusButtonUp
1,System.Windows,UIElement3D,PreviewStylusDown,public event System.Windows.Input.StylusDownEventHandler PreviewStylusDown
1,System.Windows,UIElement3D,PreviewStylusInAirMove,public event System.Windows.Input.StylusEventHandler PreviewStylusInAirMove
1,System.Windows,UIElement3D,PreviewStylusInRange,public event System.Windows.Input.StylusEventHandler PreviewStylusInRange
1,System.Windows,UIElement3D,PreviewStylusMove,public event System.Windows.Input.StylusEventHandler PreviewStylusMove
1,System.Windows,UIElement3D,PreviewStylusOutOfRange,public event System.Windows.Input.StylusEventHandler PreviewStylusOutOfRange
1,System.Windows,UIElement3D,PreviewStylusSystemGesture,public event System.Windows.Input.StylusSystemGestureEventHandler PreviewStylusSystemGesture
1,System.Windows,UIElement3D,PreviewStylusUp,public event System.Windows.Input.StylusEventHandler PreviewStylusUp
1,System.Windows,UIElement3D,PreviewTextInput,public event System.Windows.Input.TextCompositionEventHandler PreviewTextInput
1,System.Windows,UIElement3D,PreviewTouchDown,public event System.EventHandler<System.Windows.Input.TouchEventArgs> PreviewTouchDown
1,System.Windows,UIElement3D,PreviewTouchMove,public event System.EventHandler<System.Windows.Input.TouchEventArgs> PreviewTouchMove
1,System.Windows,UIElement3D,PreviewTouchUp,public event System.EventHandler<System.Windows.Input.TouchEventArgs> PreviewTouchUp
1,System.Windows,UIElement3D,QueryContinueDrag,public event System.Windows.QueryContinueDragEventHandler QueryContinueDrag
1,System.Windows,UIElement3D,QueryCursor,public event System.Windows.Input.QueryCursorEventHandler QueryCursor
1,System.Windows,UIElement3D,StylusButtonDown,public event System.Windows.Input.StylusButtonEventHandler StylusButtonDown
1,System.Windows,UIElement3D,StylusButtonUp,public event System.Windows.Input.StylusButtonEventHandler StylusButtonUp
1,System.Windows,UIElement3D,StylusDown,public event System.Windows.Input.StylusDownEventHandler StylusDown
1,System.Windows,UIElement3D,StylusEnter,public event System.Windows.Input.StylusEventHandler StylusEnter
1,System.Windows,UIElement3D,StylusInAirMove,public event System.Windows.Input.StylusEventHandler StylusInAirMove
1,System.Windows,UIElement3D,StylusInRange,public event System.Windows.Input.StylusEventHandler StylusInRange
1,System.Windows,UIElement3D,StylusLeave,public event System.Windows.Input.StylusEventHandler StylusLeave
1,System.Windows,UIElement3D,StylusMove,public event System.Windows.Input.StylusEventHandler StylusMove
1,System.Windows,UIElement3D,StylusOutOfRange,public event System.Windows.Input.StylusEventHandler StylusOutOfRange
1,System.Windows,UIElement3D,StylusSystemGesture,public event System.Windows.Input.StylusSystemGestureEventHandler StylusSystemGesture
1,System.Windows,UIElement3D,StylusUp,public event System.Windows.Input.StylusEventHandler StylusUp
1,System.Windows,UIElement3D,TextInput,public event System.Windows.Input.TextCompositionEventHandler TextInput
1,System.Windows,UIElement3D,TouchDown,public event System.EventHandler<System.Windows.Input.TouchEventArgs> TouchDown
1,System.Windows,UIElement3D,TouchEnter,public event System.EventHandler<System.Windows.Input.TouchEventArgs> TouchEnter
1,System.Windows,UIElement3D,TouchLeave,public event System.EventHandler<System.Windows.Input.TouchEventArgs> TouchLeave
1,System.Windows,UIElement3D,TouchMove,public event System.EventHandler<System.Windows.Input.TouchEventArgs> TouchMove
1,System.Windows,UIElement3D,TouchUp,public event System.EventHandler<System.Windows.Input.TouchEventArgs> TouchUp
1,System.Windows,VisualStateGroup,CurrentStateChanged,public event System.EventHandler<System.Windows.VisualStateChangedEventArgs> CurrentStateChanged
1,System.Windows,VisualStateGroup,CurrentStateChanging,public event System.EventHandler<System.Windows.VisualStateChangedEventArgs> CurrentStateChanging
1,System.Windows.Controls,Calendar,DisplayModeChanged,public event System.EventHandler<System.Windows.Controls.CalendarModeChangedEventArgs> DisplayModeChanged;
1,System.Windows.Controls,Calendar,SelectedDatesChanged,public event System.EventHandler<System.Windows.Controls.SelectionChangedEventArgs> SelectedDatesChanged;
1,System.Windows.Controls,Calendar,SelectionModeChanged,public event System.EventHandler<System.EventArgs> SelectionModeChanged;
1,System.Windows.Controls,CalendarDateRange,PropertyChanged,public event System.ComponentModel.PropertyChangedEventHandler PropertyChanged;
1,System.Windows.Controls,DataGrid,AddingNewItem,public event System.EventHandler<System.Windows.Controls.AddingNewItemEventArgs> AddingNewItem;
1,System.Windows.Controls,DataGrid,ColumnHeaderDragCompleted,public event System.EventHandler<System.Windows.Controls.Primitives.DragCompletedEventArgs> ColumnHeaderDragCompleted;
1,System.Windows.Controls,DataGrid,ColumnHeaderDragDelta,public event System.EventHandler<System.Windows.Controls.Primitives.DragDeltaEventArgs> ColumnHeaderDragDelta;
1,System.Windows.Controls,DataGrid,ColumnHeaderDragStarted,public event System.EventHandler<System.Windows.Controls.Primitives.DragStartedEventArgs> ColumnHeaderDragStarted;
1,System.Windows.Controls,DataGrid,CopyingRowClipboardContent,public event System.EventHandler<System.Windows.Controls.DataGridRowClipboardEventArgs> CopyingRowClipboardContent;
1,System.Windows.Controls,DataGrid,CurrentCellChanged,public event System.EventHandler<System.EventArgs> CurrentCellChanged;
1,System.Windows.Controls,DataGrid,InitializingNewItem,public event System.Windows.Controls.InitializingNewItemEventHandler InitializingNewItem;
1,System.Windows.Controls,DataGrid,LoadingRow,public event System.EventHandler<System.Windows.Controls.DataGridRowEventArgs> LoadingRow;
1,System.Windows.Controls,DataGrid,LoadingRowDetails,public event System.EventHandler<System.Windows.Controls.DataGridRowDetailsEventArgs> LoadingRowDetails;
1,System.Windows.Controls,DataGrid,RowDetailsVisibilityChanged,public event System.EventHandler<System.Windows.Controls.DataGridRowDetailsEventArgs> RowDetailsVisibilityChanged;
1,System.Windows.Controls,DataGrid,RowEditEnding,public event System.EventHandler<System.Windows.Controls.DataGridRowEditEndingEventArgs> RowEditEnding;
1,System.Windows.Controls,DataGrid,SelectedCellsChanged,public event System.Windows.Controls.SelectedCellsChangedEventHandler SelectedCellsChanged;
1,System.Windows.Controls,DataGrid,UnloadingRow,public event System.EventHandler<System.Windows.Controls.DataGridRowEventArgs> UnloadingRow;
1,System.Windows.Controls,DataGrid,UnloadingRowDetails,public event System.EventHandler<System.Windows.Controls.DataGridRowDetailsEventArgs> UnloadingRowDetails;
1,System.Windows.Controls,DataGridCell,Selected,public event System.Windows.RoutedEventHandler Selected;
1,System.Windows.Controls,DataGridCell,Unselected,public event System.Windows.RoutedEventHandler Unselected;
1,System.Windows.Controls,DataGridColumn,CopyingCellClipboardContent,public event System.EventHandler<System.Windows.Controls.DataGridCellClipboardEventArgs> CopyingCellClipboardContent
1,System.Windows.Controls,DataGridColumn,PastingCellClipboardContent,public event System.EventHandler<System.Windows.Controls.DataGridCellClipboardEventArgs> PastingCellClipboardContent
1,System.Windows.Controls,DataGridRow,Selected,public event System.Windows.RoutedEventHandler Selected
1,System.Windows.Controls,DataGridRow,Unselected,public event System.Windows.RoutedEventHandler Unselected
1,System.Windows.Controls,DatePicker,DateValidationError,public event System.EventHandler<System.Windows.Controls.DatePickerDateValidationErrorEventArgs> DateValidationError
1,System.Windows.Controls,Frame,ContentRendered,public event System.EventHandler ContentRendered;
1,System.Windows.Controls,Frame,FragmentNavigation,public event System.Windows.Navigation.FragmentNavigationEventHandler FragmentNavigation;
1,System.Windows.Controls,Frame,LoadCompleted,public event System.Windows.Navigation.LoadCompletedEventHandler LoadCompleted;
1,System.Windows.Controls,Frame,NavigationFailed,public event System.Windows.Navigation.NavigationFailedEventHandler NavigationFailed;
1,System.Windows.Controls,Frame,NavigationProgress,public event System.Windows.Navigation.NavigationProgressEventHandler NavigationProgress;
1,System.Windows.Controls,Frame,NavigationStopped,public event System.Windows.Navigation.NavigationStoppedEventHandler NavigationStopped;
1,System.Windows.Controls,GridViewColumn,INotifyPropertyChanged.PropertyChanged,event System.ComponentModel.PropertyChangedEventHandler System.ComponentModel.INotifyPropertyChanged.PropertyChanged
1,System.Windows.Controls,GroupStyle,INotifyPropertyChanged.PropertyChanged,event System.ComponentModel.PropertyChangedEventHandler System.ComponentModel.INotifyPropertyChanged.PropertyChanged
1,System.Windows.Controls,GroupStyle,PropertyChanged,protected virtual event System.ComponentModel.PropertyChangedEventHandler PropertyChanged
1,System.Windows.Controls,Image,DpiChanged,public event System.Windows.DpiChangedEventHandler DpiChanged
1,System.Windows.Controls,Image,ImageFailed,public event System.EventHandler<System.Windows.ExceptionRoutedEventArgs> ImageFailed
1,System.Windows.Controls,InkCanvas,ActiveEditingModeChanged,public event System.Windows.RoutedEventHandler ActiveEditingModeChanged
1,System.Windows.Controls,InkCanvas,DefaultDrawingAttributesReplaced,public event System.Windows.Ink.DrawingAttributesReplacedEventHandler DefaultDrawingAttributesReplaced
1,System.Windows.Controls,InkCanvas,EditingModeInvertedChanged,public event System.Windows.RoutedEventHandler EditingModeInvertedChanged
1,System.Windows.Controls,InkCanvas,Gesture,public event System.Windows.Controls.InkCanvasGestureEventHandler Gesture
1,System.Windows.Controls,InkCanvas,SelectionChanged,public event System.EventHandler SelectionChanged
1,System.Windows.Controls,InkCanvas,SelectionChanging,public event System.Windows.Controls.InkCanvasSelectionChangingEventHandler SelectionChanging
1,System.Windows.Controls,InkCanvas,SelectionMoved,public event System.EventHandler SelectionMoved
1,System.Windows.Controls,InkCanvas,SelectionMoving,public event System.Windows.Controls.InkCanvasSelectionEditingEventHandler SelectionMoving
1,System.Windows.Controls,InkCanvas,SelectionResized,public event System.EventHandler SelectionResized
1,System.Windows.Controls,InkCanvas,SelectionResizing,public event System.Windows.Controls.InkCanvasSelectionEditingEventHandler SelectionResizing
1,System.Windows.Controls,InkCanvas,StrokeErased,public event System.Windows.RoutedEventHandler StrokeErased
1,System.Windows.Controls,InkCanvas,StrokesReplaced,public event System.Windows.Controls.InkCanvasStrokesReplacedEventHandler StrokesReplaced
1,System.Windows.Controls,ListBoxItem,Selected,public event System.Windows.RoutedEventHandler Selected
1,System.Windows.Controls,ListBoxItem,Unselected,public event System.Windows.RoutedEventHandler Unselected
1,System.Windows.Controls,TreeViewItem,Selected,public event System.Windows.RoutedEventHandler Selected
1,System.Windows.Controls,TreeViewItem,Unselected,public event System.Windows.RoutedEventHandler Unselected
1,System.Windows.Controls.Primitives,DocumentPageView,PageConnected,public event System.EventHandler PageConnected
1,System.Windows.Controls.Primitives,DocumentPageView,PageDisconnected,public event System.EventHandler PageDisconnected
1,System.Windows.Controls.Primitives,DocumentViewerBase,PageViewsChanged,public event System.EventHandler PageViewsChanged
1,System.Windows.Controls.Primitives,TextBoxBase,SelectionChanged,public event System.Windows.RoutedEventHandler SelectionChanged
1,System.Windows.Controls.Primitives,TextBoxBase,TextChanged,public event System.Windows.Controls.TextChangedEventHandler TextChanged
2,System.Windows.Data,BindingOperations,CollectionRegistering,public static event System.EventHandler<System.Windows.Data.CollectionRegisteringEventArgs> CollectionRegistering;
2,System.Windows.Data,BindingOperations,CollectionViewRegistering,public static event System.EventHandler<System.Windows.Data.CollectionViewRegisteringEventArgs> CollectionViewRegistering;
2,System.Windows.Documents,DocumentPage,PageDestroyed,public event System.EventHandler PageDestroyed
2,System.Windows.Documents,DocumentReferenceCollection,CollectionChanged,public event System.Collections.Specialized.NotifyCollectionChangedEventHandler CollectionChanged
2,System.Windows.Documents,Hyperlink,RequestNavigate,public event System.Windows.Navigation.RequestNavigateEventHandler RequestNavigate
2,System.Windows.Documents,PageContent,GetPageRootCompleted,public event System.Windows.Documents.GetPageRootCompletedEventHandler GetPageRootCompleted
2,System.Windows.Input,InputManager,HitTestInvalidatedAsync,public event System.EventHandler HitTestInvalidatedAsync
2,System.Windows.Input,InputMethod,StateChanged,public event System.Windows.Input.InputMethodStateChangedEventHandler StateChanged
2,System.Windows.Input,Touch,FrameReported,public static event System.Windows.Input.TouchFrameEventHandler FrameReported
2,System.Windows.Input,TouchDevice,Activated,public event System.EventHandler Activated
2,System.Windows.Input,TouchDevice,Deactivated,public event System.EventHandler Deactivated
2,System.Windows.Input,TouchDevice,Updated,public event System.EventHandler Updated
2,System.Windows.Markup,XamlReader,LoadCompleted,public event System.ComponentModel.AsyncCompletedEventHandler LoadCompleted
2,System.Windows.Media,MediaPlayer,BufferingEnded,public event System.EventHandler BufferingEnded
2,System.Windows.Media,MediaPlayer,BufferingStarted,public event System.EventHandler BufferingStarted
2,System.Windows.Media,MediaPlayer,ScriptCommand,public event System.EventHandler<System.Windows.Media.MediaScriptCommandEventArgs> ScriptCommand
2,System.Windows.Media.Animation,Clock,RemoveRequested,public event System.EventHandler RemoveRequested
2,System.Windows.Media.Animation,Timeline,CurrentGlobalSpeedInvalidated,public event System.EventHandler CurrentGlobalSpeedInvalidated
2,System.Windows.Media.Animation,Timeline,CurrentStateInvalidated,public event System.EventHandler CurrentStateInvalidated
2,System.Windows.Media.Animation,Timeline,CurrentTimeInvalidated,public event System.EventHandler CurrentTimeInvalidated
2,System.Windows.Media.Animation,Timeline,RemoveRequested,public event System.EventHandler RemoveRequested
2,System.Windows.Media.Imaging,BitmapDecoder,DownloadCompleted,public virtual event System.EventHandler DownloadCompleted
2,System.Windows.Media.Imaging,BitmapDecoder,DownloadFailed,public virtual event System.EventHandler<System.Windows.Media.ExceptionEventArgs> DownloadFailed
2,System.Windows.Media.Imaging,BitmapDecoder,DownloadProgress,public virtual event System.EventHandler<System.Windows.Media.Imaging.DownloadProgressEventArgs> DownloadProgress
2,System.Windows.Media.Imaging,BitmapSource,DecodeFailed,public virtual event System.EventHandler<System.Windows.Media.ExceptionEventArgs> DecodeFailed
2,System.Windows.Media.Imaging,BitmapSource,DownloadCompleted,public virtual event System.EventHandler DownloadCompleted
2,System.Windows.Media.Imaging,BitmapSource,DownloadFailed,public virtual event System.EventHandler<System.Windows.Media.ExceptionEventArgs> DownloadFailed
2,System.Windows.Media.Imaging,BitmapSource,DownloadProgress,public virtual event System.EventHandler<System.Windows.Media.Imaging.DownloadProgressEventArgs> DownloadProgress
2,System.Windows.Threading,DispatcherHooks,DispatcherInactive,public event System.EventHandler DispatcherInactive
2,System.Windows.Threading,DispatcherHooks,OperationStarted,public event System.Windows.Threading.DispatcherHookEventHandler OperationStarted
3,System.Windows.Annotations.Storage,AnnotationStore,AnchorChanged,public event AnnotationResourceChangedEventHandler AnchorChanged
3,System.Windows.Annotations.Storage,AnnotationStore,AuthorChanged,public event AnnotationAuthorChangedEventHandler AuthorChanged
3,System.Windows.Annotations.Storage,AnnotationStore,CargoChanged,public event AnnotationResourceChangedEventHandler CargoChanged
3,System.Windows.Diagnostics,BindingDiagnostics,BindingFailed,public static event System.EventHandler<System.Windows.Diagnostics.BindingFailedEventArgs> BindingFailed
3,System.Windows.Ink,DrawingAttributes,PropertyDataChanged,public event System.Windows.Ink.PropertyDataChangedEventHandler PropertyDataChanged
3,System.Windows.Ink,Stroke,DrawingAttributesReplaced,public event System.Windows.Ink.DrawingAttributesReplacedEventHandler DrawingAttributesReplaced
3,System.Windows.Ink,Stroke,PropertyDataChanged,public event System.Windows.Ink.PropertyDataChangedEventHandler PropertyDataChanged
3,System.Windows.Ink,Stroke,StylusPointsReplaced,public event System.Windows.Ink.StylusPointsReplacedEventHandler StylusPointsReplaced
3,System.Windows.Ink,StrokeCollection,PropertyDataChanged,public event System.Windows.Ink.PropertyDataChangedEventHandler PropertyDataChanged
3,System.Windows.Interop,HwndHost,DpiChanged,public event System.Windows.DpiChangedEventHandler DpiChanged
3,System.Windows.Interop,HwndHost,MessageHook,public event System.Windows.Interop.HwndSourceHook MessageHook
3,System.Windows.Interop,HwndSource,AutoResized,public event System.Windows.AutoResizedEventHandler AutoResized
3,System.Windows.Interop,HwndSource,DpiChanged,public event System.Windows.HwndDpiChangedEventHandler DpiChanged
3,System.Windows.Interop,HwndSource,SizeToContentChanged,public event System.EventHandler SizeToContentChanged
